City_ID,City,Lat,Lng,Max Temp,Humidity,Cloudiness,Wind Speed,Country,Date
0,ribeira grande,38.5167,-28.7,13.21,81,77,2.68,PT,1680566519
1,karratha,-20.7377,116.8463,28.56,68,41,2.67,AU,1680566462
2,guerrero negro,27.9769,-114.0611,15.71,66,35,11.41,MX,1680566521
3,barrow,71.2906,-156.7887,-15.99,85,100,6.17,US,1680566521
4,ushuaia,-54.8,-68.3,9.81,71,75,8.23,AR,1680566522
5,port alfred,-33.5906,26.891,16.77,82,80,1.79,ZA,1680566523
6,mataura,-46.1927,168.8643,14.71,54,83,1.89,NZ,1680566524
7,cayenne,4.9333,-52.3333,25.02,78,20,1.03,GF,1680566524
8,vaini,-21.2,-175.2,26.17,64,27,5.02,TO,1680566526
9,tomatlan,19.9333,-105.25,29.12,34,22,4.14,MX,1680566526
10,hithadhoo,-0.6,73.0833,27.87,70,85,4.16,MV,1680566527
11,malm,64.0721,11.2172,2.88,99,100,3.2,NO,1680566527
12,chokurdakh,70.6333,147.9167,-14.14,91,62,3.48,RU,1680566528
13,qaanaaq,77.484,-69.3632,-23.11,65,16,2.86,GL,1680566529
14,butaritari,3.0707,172.7902,27.77,80,96,8.7,KI,1680566530
15,khovu-aksy,51.1333,93.6,-13.23,79,13,2.53,RU,1680566530
16,phuthaditjhaba,-28.5242,28.8158,9.32,82,2,1.92,ZA,1680566531
17,spirit river,55.7833,-118.8361,2.19,69,71,2.99,CA,1680566533
18,shimoda,34.6667,138.95,14.5,54,0,3.41,JP,1680566426
19,aksarka,66.5606,67.7975,-18.31,82,33,6.18,RU,1680566534
20,albany,42.6001,-73.9662,13.84,48,87,2.74,US,1680566535
21,yar-sale,66.8333,70.8333,-17.7,85,25,7.48,RU,1680566535
22,busselton,-33.65,115.3333,16.09,81,53,4.1,AU,1680566363
23,atuona,-9.8,-139.0333,27.11,78,91,6.37,PF,1680566537
24,jamestown,42.097,-79.2353,9.8,57,100,2.57,US,1680566538
25,goderich,43.7501,-81.7165,7.25,62,100,4.66,CA,1680566539
26,bambous virieux,-20.3428,57.7575,24.56,84,93,3.0,MU,1680566539
27,proddatur,14.7333,78.55,27.77,65,7,2.12,IN,1680566540
28,mayo,38.8876,-76.5119,20.28,76,0,5.66,US,1680566541
29,norman wells,65.282,-126.8329,-1.98,74,75,3.6,CA,1680566541
30,hirara,24.8,125.2833,22.08,64,2,10.32,JP,1680566488
31,lebu,-37.6167,-73.65,13.06,74,0,8.08,CL,1680566543
32,vostok,46.4856,135.8833,6.25,51,96,4.4,RU,1680566543
33,iskateley,67.6803,53.1512,-15.67,95,11,3.63,RU,1680566544
34,rikitea,-23.1203,-134.9692,26.74,80,100,7.07,PF,1680566544
35,hobart,-42.8794,147.3294,17.92,63,20,4.63,AU,1680566342
36,kruisfontein,-34.0033,24.7314,15.49,88,72,4.44,ZA,1680566545
37,mahebourg,-20.4081,57.7,24.58,85,90,3.32,MU,1680566546
38,cape town,-33.9258,18.4232,19.1,82,43,1.42,ZA,1680566419
39,narsaq,60.9167,-46.05,7.12,79,100,2.57,GL,1680566547
40,kirakira,-10.4544,161.9205,30.15,70,85,3.77,SB,1680566548
41,vagamo,61.8751,9.0967,-5.22,89,81,1.51,NO,1680566548
42,dikson,73.5069,80.5464,-23.71,98,98,4.64,RU,1680566549
43,bengkulu,-3.8004,102.2655,24.24,89,100,1.25,ID,1680566549
44,dourbali,11.8091,15.8632,28.17,16,57,4.1,TD,1680566551
45,kjollefjord,70.9457,27.3465,2.03,93,84,10.8,NO,1680566553
46,avera,33.194,-82.5271,16.73,76,100,2.2,US,1680566553
47,cherskiy,68.75,161.3,-15.55,73,100,6.66,RU,1680566554
48,tripoli,32.8752,13.1875,15.87,60,5,7.7,LY,1680566415
49,hamina,60.5697,27.1979,-4.4,94,70,3.42,FI,1680566556
50,fortuna,40.5982,-124.1573,8.88,77,64,1.34,US,1680566557
51,alofi,-19.0595,-169.9187,26.66,79,61,7.96,NU,1680566558
52,raga,8.4596,25.678,24.76,18,29,1.31,SS,1680566558
53,sechura,-5.5569,-80.8222,27.52,76,92,4.96,PE,1680566559
54,katsuura,35.1333,140.3,13.62,56,0,4.96,JP,1680566560
55,bredasdorp,-34.5322,20.0403,15.44,83,40,1.34,ZA,1680566561
56,ilulissat,69.2167,-51.1,-25.21,99,9,2.35,GL,1680566561
57,french harbor,16.35,-86.4333,27.26,78,5,2.68,HN,1680566562
58,lahaina,20.8783,-156.6825,25.45,81,9,2.8,US,1680566563
59,san angelo,31.4638,-100.437,34.12,9,0,4.12,US,1680566564
60,hermanus,-34.4187,19.2345,12.67,82,48,1.39,ZA,1680566565
61,rangkasbitung,-6.3591,106.2494,24.62,87,99,1.72,ID,1680566566
62,saldanha,-33.0117,17.9442,16.19,92,10,3.52,ZA,1680566566
63,fairbanks,64.8378,-147.7164,2.27,56,92,0.45,US,1680566568
64,jardim,-21.4803,-56.1381,23.5,71,0,1.56,BR,1680566570
65,whitehorse,60.7161,-135.0538,0.05,62,70,0.27,CA,1680566570
66,nanortalik,60.1432,-45.2371,0.28,85,99,0.6,GL,1680566571
67,hilo,19.7297,-155.09,26.81,75,63,2.68,US,1680566572
68,chapais,49.7834,-74.8492,-4.98,96,89,2.5,CA,1680566573
69,carnarvon,-24.8667,113.6333,24.14,72,10,5.98,AU,1680566405
70,georgetown,5.4112,100.3354,24.97,88,20,0.0,MY,1680566574
71,muros,42.7762,-9.0603,12.27,84,100,3.23,ES,1680566575
72,ostrovnoy,68.0531,39.5131,-8.84,88,15,9.04,RU,1680566575
73,itarema,-2.9248,-39.9167,24.89,83,72,0.49,BR,1680566576
74,punta arenas,-53.15,-70.9167,6.68,69,65,7.3,CL,1680566577
75,port blair,11.6667,92.75,25.73,76,100,1.72,IN,1680566401
76,zhangye,38.9342,100.4517,1.03,73,99,10.57,CN,1680566579
77,portobelo,9.55,-79.65,25.06,91,66,5.79,PA,1680566580
78,khilok,51.3674,110.4676,-6.84,52,11,4.05,RU,1680566581
79,arraial do cabo,-22.9661,-42.0278,24.41,71,88,5.14,BR,1680566582
80,puerto ayora,-0.7393,-90.3518,27.53,90,83,2.68,EC,1680566583
81,sitka,57.0531,-135.33,5.44,65,46,1.48,US,1680566583
82,pingliang,35.5392,106.6861,2.51,89,94,1.53,CN,1680566584
83,necochea,-38.5473,-58.7368,15.85,87,15,4.65,AR,1680566584
84,yulara,-25.2406,130.9889,24.66,50,98,2.3,AU,1680566585
85,garden city,42.3256,-83.331,11.14,87,100,2.06,US,1680566586
86,talnakh,69.4865,88.3972,-29.33,98,80,0.17,RU,1680566587
87,kodiak,57.79,-152.4072,1.34,100,100,4.85,US,1680566587
88,san rafael,-34.6177,-68.3301,21.2,45,100,2.25,AR,1680566588
89,vila velha,-20.3297,-40.2925,24.97,75,96,0.89,BR,1680566588
90,olafsvik,64.8945,-23.7142,5.98,96,100,9.41,IS,1680566589
91,aasiaat,68.7098,-52.8699,-23.96,100,48,1.41,GL,1680566590
92,nkoteng,4.5167,12.0333,21.54,96,100,1.92,CM,1680566591
93,buenavista,8.9769,125.4089,25.77,80,69,1.08,PH,1680566592
94,eenhana,-17.4667,16.3333,19.66,64,77,2.81,NA,1680566411
95,ust-tsilma,65.441,52.1498,-21.49,100,87,1.03,RU,1680566593
96,nizwa,22.9333,57.5333,19.39,26,12,1.28,OM,1680566594
97,sao filipe,14.8961,-24.4956,24.19,68,26,2.26,CV,1680566595
98,namie,37.4833,141.0,14.29,51,0,1.41,JP,1680566445
99,koszeg,47.3892,16.541,0.19,57,2,2.68,HU,1680566596
100,atar,20.5169,-13.0499,26.76,9,19,4.06,MR,1680566597
101,pevek,69.7008,170.3133,-22.43,86,86,3.96,RU,1680566597
102,tasiilaq,65.6145,-37.6368,-2.91,87,100,0.94,GL,1680566598
103,port elizabeth,-33.918,25.5701,16.84,89,66,2.68,ZA,1680566599
104,onega,63.9061,38.1404,-6.45,95,98,2.3,RU,1680566600
105,pacific grove,36.6177,-121.9166,13.82,64,0,11.32,US,1680566600
106,maniitsoq,65.4167,-52.9,-2.23,65,50,4.44,GL,1680566601
107,tuktoyaktuk,69.4541,-133.0374,-16.38,93,91,1.79,CA,1680566602
108,sambava,-14.2667,50.1667,23.9,91,49,2.41,MG,1680566602
109,abonnema,4.7084,6.7931,24.84,86,100,1.54,NG,1680566603
110,palmer,42.1584,-72.3287,10.34,51,75,8.23,US,1680566604
111,bluff,-46.6,168.3333,14.89,70,90,5.24,NZ,1680566604
112,lavrentiya,65.5833,-171.0,-14.92,81,83,3.26,RU,1680566605
113,kapaa,22.0752,-159.319,25.99,82,5,0.45,US,1680566606
114,meulaboh,4.1363,96.1285,24.44,87,87,1.39,ID,1680566606
115,khatanga,71.9667,102.5,-29.73,95,98,4.93,RU,1680566609
116,wau,7.7029,27.9953,26.41,16,8,0.74,SS,1680566611
117,farafangana,-22.8167,47.8333,22.89,91,13,1.3,MG,1680566612
118,geraldton,-28.7667,114.6,19.23,82,40,4.63,AU,1680566566
119,petatlan,17.5167,-101.2667,29.89,53,7,2.28,MX,1680566614
120,coquimbo,-29.9533,-71.3436,18.11,78,83,2.02,CL,1680566614
121,oranjestad,12.524,-70.027,26.62,81,0,2.24,AW,1680566615
122,suntar,62.1444,117.6319,-4.13,94,100,4.49,RU,1680566616
123,kinkala,-4.3614,14.7644,21.93,96,98,2.01,CG,1680566617
124,mountain home,43.133,-115.6912,4.71,41,40,10.8,US,1680566617
125,usinsk,65.9939,57.5281,-19.91,99,11,1.45,RU,1680566618
126,palana,59.1167,159.9667,-11.76,84,85,0.72,RU,1680566618
127,cidreira,-30.1811,-50.2056,22.55,76,12,6.77,BR,1680566620
128,la orilla,17.9833,-102.2333,27.74,57,2,4.86,MX,1680566620
129,nova vicosa,-17.8919,-39.3719,25.47,73,100,4.97,BR,1680566621
130,hasaki,35.7333,140.8333,13.22,55,0,5.32,JP,1680566622
131,faanui,-16.4833,-151.75,28.04,73,56,4.2,PF,1680566623
132,superior,46.7208,-92.1041,2.54,88,100,9.26,US,1680566500
133,kamaishi,39.2667,141.8833,11.77,50,0,2.15,JP,1680566611
134,aklavik,68.2191,-135.0107,-7.66,81,97,2.67,CA,1680566625
135,brae,60.3964,-1.353,5.52,83,81,7.81,GB,1680566625
136,lagoa,39.05,-27.9833,14.57,70,82,5.07,PT,1680566626
137,pangnirtung,66.1451,-65.7125,-18.05,74,46,3.09,CA,1680566627
138,iqaluit,63.7506,-68.5145,-18.46,75,72,4.64,CA,1680566413
139,port hedland,-20.3167,118.5667,28.03,83,17,3.09,AU,1680566362
140,guaimaro,21.05,-77.35,24.57,62,5,5.35,CU,1680566629
141,pangoa,-12.1167,-73.0,20.83,98,78,0.64,PE,1680566629
142,linxia,35.6003,103.2064,2.69,78,75,0.74,CN,1680566528
143,pakokku,21.3333,95.1,26.17,50,3,0.69,MM,1680566631
144,yellowknife,62.456,-114.3525,-8.17,88,100,2.48,CA,1680566619
145,nikolskoye,59.7035,30.7861,-1.06,96,100,2.83,RU,1680566633
146,saint-philippe,-21.3585,55.7679,23.77,80,95,3.57,RE,1680566633
147,west bay,19.3667,-81.4167,27.82,75,20,2.06,KY,1680566634
148,mar del plata,-38.0023,-57.5575,16.72,84,61,0.89,AR,1680566635
149,tambura,5.6,27.4667,22.24,37,70,2.25,SS,1680566635
150,presidencia roque saenz pena,-26.7852,-60.4388,26.49,46,6,2.66,AR,1680566639
151,bol,13.4586,14.7147,26.51,37,65,4.25,TD,1680566639
152,matara,5.9485,80.5353,24.37,88,46,0.52,LK,1680566640
153,east london,-33.0153,27.9116,19.08,69,48,7.68,ZA,1680566640
154,luena,-11.7833,19.9167,16.5,97,86,1.34,AO,1680566641
155,provideniya,64.3833,-173.3,-11.94,61,75,6.0,RU,1680566642
156,castro,-24.7911,-50.0119,15.62,83,2,1.35,BR,1680566642
157,new norfolk,-42.7826,147.0587,18.17,63,63,0.45,AU,1680566643
158,boddam,57.4667,-1.7833,4.21,89,17,9.76,GB,1680566644
159,esperance,-33.8667,121.9,19.61,79,83,2.85,AU,1680566411
160,inongo,-1.95,18.2667,22.91,92,100,0.42,CD,1680566645
161,nouadhibou,20.931,-17.0347,19.99,73,82,10.29,MR,1680566646
162,ponta do sol,32.6667,-17.1,17.35,60,18,6.05,PT,1680566647
163,bethel,41.3712,-73.414,11.05,63,0,2.57,US,1680566649
164,broken hill,-31.95,141.4333,20.81,26,0,3.51,AU,1680566649
165,namibe,-15.1961,12.1522,24.15,74,80,3.01,AO,1680566651
166,verkhniye sergi,56.6469,59.5556,2.66,74,78,0.26,RU,1680566652
167,avarua,-21.2078,-159.775,27.03,61,75,3.09,CK,1680566420
168,singaraja,-8.112,115.0882,25.37,89,100,2.69,ID,1680566632
169,upernavik,72.7868,-56.1549,-28.52,100,73,1.91,GL,1680566653
170,hofn,64.2539,-15.2082,7.97,94,100,11.13,IS,1680566654
171,klyuchi,52.2667,79.1667,0.07,53,0,2.91,RU,1680566654
172,halifax,44.6453,-63.5724,2.47,68,79,9.26,CA,1680566359
173,sorong,-0.8833,131.25,26.04,85,100,3.44,ID,1680566656
174,hua hin,12.5707,99.9588,25.0,74,21,2.01,TH,1680566470
175,airai,-8.9266,125.4092,19.32,74,96,1.19,TL,1680566657
176,turan,16.0678,108.2208,23.99,88,7,2.57,VN,1680566461
177,longyearbyen,78.2186,15.6401,-14.09,66,40,5.66,SJ,1680566658
178,flin flon,54.7682,-101.865,-7.99,84,98,1.84,CA,1680566660
179,kamenka,51.3223,42.7678,9.15,83,79,3.42,RU,1680566661
180,saskylakh,71.9167,114.0833,-22.68,96,95,5.38,RU,1680566661
181,kilingi-nomme,58.1503,24.9642,-2.33,91,62,2.65,EE,1680566662
182,kavieng,-2.5744,150.7967,28.16,73,83,1.94,PG,1680566662
183,hualmay,-11.0964,-77.6139,25.42,78,78,4.8,PE,1680566663
184,anloga,5.7947,0.8973,27.88,76,83,3.5,GH,1680566664
185,riosucio,5.4216,-75.7032,15.91,96,90,0.86,CO,1680566664
186,vrangel,42.7297,133.0839,7.44,71,99,1.87,RU,1680566665
187,poronaysk,49.2167,143.1167,1.84,82,100,2.27,RU,1680566665
188,wenling,28.3669,121.36,17.62,87,100,5.27,CN,1680566631
189,makat,47.6469,53.3463,10.38,25,99,3.14,KZ,1680566667
190,marsh harbour,26.5412,-77.0636,24.76,72,73,3.8,BS,1680566668
191,tanete,-3.9443,119.7848,25.79,87,100,1.01,ID,1680566669
192,inhambane,-23.865,35.3833,22.15,84,0,2.84,MZ,1680566670
193,kijang,35.2442,129.2139,13.59,67,100,3.86,KR,1680566671
194,mitsamiouli,-11.3847,43.2844,27.26,78,37,3.34,KM,1680566672
195,padang,-0.9492,100.3543,23.03,86,98,1.6,ID,1680566509
196,olinda,-8.0089,-34.8553,27.85,65,40,5.14,BR,1680566674
197,chicama,-7.8447,-79.1469,27.3,71,72,2.35,PE,1680566675
198,kaitangata,-46.2817,169.8464,17.74,59,55,3.46,NZ,1680566676
199,leningradskiy,69.3833,178.4167,-22.29,86,11,1.33,RU,1680566677
200,sur,22.5667,59.5289,23.43,55,9,0.95,OM,1680566677
201,amaigbo,5.7892,7.8383,24.95,85,100,2.35,NG,1680566678
202,batagay-alyta,67.8006,130.4114,-13.76,77,64,0.93,RU,1680566679
203,chifeng,42.2683,118.9636,3.02,41,100,6.34,CN,1680566680
204,yerbogachen,61.2767,108.0108,-4.26,89,100,7.41,RU,1680566681
205,kavaratti,10.5669,72.642,27.54,68,50,3.37,IN,1680566681
206,corn island,12.1694,-83.0418,26.46,79,45,8.47,NI,1680566682
207,vanimo,-2.6741,141.3028,27.37,81,100,1.74,PG,1680566682
208,hambantota,6.1241,81.1185,25.44,82,25,0.52,LK,1680566682
209,salalah,17.0151,54.0924,29.05,21,0,3.6,OM,1680566683
210,morondava,-20.2833,44.2833,25.38,86,3,2.02,MG,1680566684
211,lorengau,-2.0226,147.2712,29.21,67,98,1.67,PG,1680566685
212,acapulco,16.8634,-99.8901,28.54,63,37,4.4,MX,1680566525
213,sayaxche,16.5167,-90.1667,30.68,36,7,3.02,GT,1680566687
214,lisakovsk,52.5369,62.4936,-0.13,83,69,2.52,KZ,1680566687
215,saint george,37.1041,-113.5841,4.33,76,100,9.26,US,1680566688
216,barcelos,41.5388,-8.6151,13.29,86,100,0.65,PT,1680566689
217,grand gaube,-20.0064,57.6608,24.65,78,88,0.89,MU,1680566690
218,punuare,14.7333,-85.9667,27.13,41,2,1.69,HN,1680566691
219,zhanaozen,43.3,52.8,7.65,71,94,3.77,KZ,1680566692
220,port hardy,50.6996,-127.4199,4.96,80,64,6.15,CA,1680566564
221,kisangani,0.5167,25.2,21.53,96,97,0.97,CD,1680566694
222,tallahassee,30.4383,-84.2807,23.15,88,40,0.0,US,1680566695
223,ilinskiy,55.619,38.1182,8.62,100,0,2.0,RU,1680566695
224,abu samrah,35.3029,37.1841,14.66,55,48,2.18,SY,1680566696
225,chuzhou,32.3219,118.2978,13.46,98,100,1.98,CN,1680566696
226,kholmskaya,44.846,38.389,7.94,93,30,1.51,RU,1680566697
227,clonakilty,51.6231,-8.8706,7.56,87,100,6.76,IE,1680566698
228,banda aceh,5.5577,95.3222,25.62,83,87,1.32,ID,1680566699
229,quatre cocos,-20.2078,57.7625,24.49,84,96,2.76,MU,1680566700
230,matadi,-5.8167,13.45,24.72,97,100,1.29,CD,1680566704
231,klaksvik,62.2266,-6.589,7.51,90,100,11.59,FO,1680566705
232,luderitz,-26.6481,15.1594,16.6,69,0,7.29,NA,1680566705
233,souillac,-20.5167,57.5167,24.47,87,86,3.65,MU,1680566706
234,pangody,65.85,74.4859,-23.22,90,13,4.94,RU,1680566707
235,boende,-0.2167,20.8667,21.33,99,100,0.42,CD,1680566708
236,trairi,-3.2778,-39.2689,24.24,88,68,1.01,BR,1680566709
237,sakaiminato,35.55,133.2333,12.55,45,93,3.49,JP,1680566559
238,san juan,-31.5375,-68.5364,23.42,44,99,3.98,AR,1680566710
239,saint anthony,45.0205,-93.218,5.06,68,100,4.63,US,1680566711
240,hay river,60.8156,-115.7999,-8.01,85,97,1.61,CA,1680566712
241,azogues,-2.7333,-78.8333,12.02,96,98,1.58,EC,1680566713
242,camacha,33.0833,-16.3333,15.68,59,40,10.29,PT,1680566713
243,ossora,59.2353,163.0719,-4.88,79,97,3.09,RU,1680566714
244,dingle,10.9995,122.6711,27.96,69,79,3.46,PH,1680566715
245,bojnurd,37.4747,57.329,4.97,81,75,2.06,IR,1680566715
246,isperih,43.7167,26.8333,6.95,90,100,9.49,BG,1680566454
247,bandarbeyla,9.4942,50.8122,27.02,76,59,4.68,SO,1680566717
248,amapa,1.0,-52.0,22.81,88,96,1.32,BR,1680566717
249,deputatskiy,69.3,139.9,-12.63,92,47,1.08,RU,1680566718
250,flinders,-34.5833,150.8552,23.36,76,35,1.79,AU,1680566718
251,samarai,-10.6167,150.6667,29.02,73,96,3.52,PG,1680566719
252,yingcheng,30.95,113.55,11.33,86,100,6.46,CN,1680566720
253,sydney mines,46.2367,-60.2177,0.0,68,33,1.79,CA,1680566721
254,borogontsy,62.6683,131.1683,-9.56,92,100,2.0,RU,1680566722
255,altay,47.8667,88.1167,-5.43,43,1,2.77,CN,1680566723
256,torbay,47.6666,-52.7314,-0.79,82,10,3.13,CA,1680566723
257,miramar,25.9873,-80.2323,27.22,77,0,5.66,US,1680566724
258,kartuzy,54.3342,18.1974,0.73,69,75,4.12,PL,1680566725
259,antalaha,-14.9003,50.2788,23.2,92,30,2.1,MG,1680566726
260,kununurra,-15.7667,128.7333,27.99,78,75,1.54,AU,1680566726
261,saint-francois,46.4154,3.9054,2.69,70,0,4.12,FR,1680566727
262,ayan,56.45,138.1667,-4.9,90,100,3.02,RU,1680566728
263,dunedin,-45.8742,170.5036,19.48,59,65,2.24,NZ,1680566553
264,gobabis,-22.45,18.9667,17.52,56,5,0.7,NA,1680566730
265,husavik,66.0449,-17.3389,2.57,93,100,3.78,IS,1680566731
266,codrington,-38.2667,141.9667,16.84,65,77,0.87,AU,1680566731
267,guiuan,11.0333,125.7247,27.36,77,100,5.84,PH,1680566732
268,milkovo,54.7167,158.6167,1.52,60,31,0.65,RU,1680566733
269,lata,40.1629,-8.3327,12.82,89,100,2.08,PT,1680566733
270,lake charles,30.2131,-93.2044,26.12,87,75,6.69,US,1680566734
271,kawalu,-7.3817,108.2082,22.87,92,93,0.51,ID,1680566735
272,lasa,46.6166,10.7002,0.76,84,41,2.95,IT,1680566736
273,madimba,-10.4,40.3333,24.12,92,42,2.98,TZ,1680566737
274,kondoa,-4.9,35.7833,15.71,95,96,1.66,TZ,1680566738
275,lompoc,34.6391,-120.4579,13.77,61,3,8.49,US,1680566739
276,buraydah,26.326,43.975,17.93,18,41,3.56,SA,1680566740
277,vestmannaeyjar,63.4427,-20.2734,8.14,92,100,13.43,IS,1680566740
278,luwuk,-0.9516,122.7875,27.24,82,100,0.62,ID,1680566741
279,axim,4.8699,-2.2405,26.37,86,67,3.26,GH,1680566152
280,kasaragod,12.5,75.0,20.98,87,6,1.88,IN,1680566744
281,faya,18.3851,42.4509,13.29,73,10,0.96,SA,1680566745
282,severo-kurilsk,50.6789,156.125,0.7,86,77,5.72,RU,1680566745
283,san cristobal,7.7669,-72.225,24.1,77,62,1.31,VE,1680566746
284,talaya,61.3833,152.75,-13.34,63,43,1.34,RU,1680566747
285,kieta,-6.2167,155.6333,29.83,67,90,1.91,PG,1680566747
286,college,64.8569,-147.8028,2.26,56,75,2.06,US,1680566748
287,tautira,-17.7333,-149.15,27.93,72,44,1.96,PF,1680566750
288,roseburg,43.2165,-123.3417,7.06,69,40,4.63,US,1680566750
289,lodeynoye pole,60.726,33.5531,-2.67,95,100,2.99,RU,1680566489
290,kemijarvi,66.7131,27.4306,-11.42,98,68,2.46,FI,1680566752
291,thompson,55.7435,-97.8558,-9.16,85,100,1.19,CA,1680566752
292,caravelas,-17.7125,-39.2481,25.25,72,100,3.98,BR,1680566753
293,cloquet,46.7216,-92.4594,2.1,77,100,0.0,US,1680566754
294,sakakah,29.9697,40.2064,17.52,21,0,3.53,SA,1680566755
295,palmas,-10.2128,-48.3603,22.99,93,95,0.9,BR,1680566756
296,raudeberg,61.9875,5.1352,4.37,71,49,5.41,NO,1680566757
297,hami,42.8,93.45,0.83,60,100,3.54,CN,1680566758
298,sabang,5.8933,95.3214,27.15,74,70,1.09,ID,1680566758
299,serenje,-13.2325,30.2352,15.58,99,59,2.04,ZM,1680566759
300,san quintin,30.4833,-115.95,13.62,59,5,11.15,MX,1680566760
301,batagay,67.6333,134.6333,-12.24,86,88,0.52,RU,1680566760
302,honiara,-9.4333,159.95,30.65,66,100,3.36,SB,1680566717
303,lukovetskiy,64.2956,41.9211,-8.13,94,90,2.71,RU,1680566761
304,havelock,34.8791,-76.9013,19.99,84,75,3.09,US,1680566762
305,chokwe,-24.5333,32.9833,21.69,76,10,2.01,MZ,1680566763
306,daru,-9.0763,143.2092,26.56,84,100,2.26,PG,1680566764
307,port lincoln,-34.7333,135.8667,20.95,49,68,2.41,AU,1680566764
308,grindavik,63.8424,-22.4338,8.26,100,100,11.32,IS,1680566765
309,bayan,46.0833,127.4,3.37,19,98,4.49,CN,1680566766
310,the valley,18.217,-63.0578,26.01,77,8,8.13,AI,1680566767
311,asfi,32.2994,-9.2372,15.93,89,20,4.6,MA,1680566767
312,kembe,4.6228,21.8865,21.41,86,90,1.48,CF,1680566768
313,guarapari,-20.6667,-40.4975,24.94,80,98,2.17,BR,1680566696
314,uyuni,-20.4597,-66.825,14.9,30,3,3.11,BO,1680566769
315,nuristan,35.3,70.8333,-5.34,96,100,0.73,AF,1680566770
316,sfantu gheorghe,45.8667,25.7833,4.59,87,100,5.02,RO,1680566698
317,briancon,44.9,6.65,1.64,95,82,1.38,FR,1680566771
318,horta,38.5333,-28.6333,12.79,81,81,2.24,PT,1680566772
319,vila franca do campo,37.7167,-25.4333,13.23,79,74,2.16,PT,1680566773
320,ahtopol,42.1,27.95,9.91,94,100,4.08,BG,1680566773
321,labuhan,-6.8844,112.2051,25.9,81,100,2.19,ID,1680566774
322,komsomolskiy,40.4272,71.7189,14.38,61,100,0.75,UZ,1680566775
323,visby,57.6409,18.296,-5.88,93,10,1.03,SE,1680566585
324,rio grande,-32.035,-52.0986,20.06,75,69,4.61,BR,1680566776
325,lincoln,40.8,-96.667,13.95,30,100,10.8,US,1680566777
326,mount gambier,-37.8333,140.7667,17.08,64,100,1.06,AU,1680566777
327,honningsvag,70.9821,25.9704,0.86,86,100,7.72,NO,1680566778
328,rawson,-43.3002,-65.1023,17.04,52,0,6.07,AR,1680566779
329,eureka,40.8021,-124.1637,9.03,74,66,2.24,US,1680566780
330,araouane,18.9048,-3.5265,25.8,7,0,2.82,ML,1680566780
331,manicore,-5.8092,-61.3003,23.31,92,34,0.56,BR,1680566781
332,henties bay,-22.116,14.2845,16.63,82,0,2.98,NA,1680566781
333,victoria,22.2855,114.1577,25.24,94,92,2.24,HK,1680566591
334,erenhot,43.6475,111.9767,-0.03,33,100,8.84,CN,1680566783
335,korla,41.7597,86.1469,-1.44,25,1,2.97,CN,1680566674
336,kasongo,-4.45,26.6667,19.87,97,100,1.02,CD,1680566785
337,price,39.5994,-110.8107,6.73,38,100,8.23,US,1680566786
338,shingu,33.7333,135.9833,16.02,71,70,1.28,JP,1680566537
339,surman,32.7567,12.5716,15.87,59,44,5.98,LY,1680566787
340,russell,32.3502,-85.1999,18.87,94,100,3.09,US,1680566788
341,rio tercero,-32.173,-64.1141,20.81,85,98,1.76,AR,1680566788
342,touros,-5.1989,-35.4608,26.03,77,74,3.49,BR,1680566790
343,kargasok,59.0556,80.8572,-1.29,97,100,4.28,RU,1680566791
344,katobu,-4.9408,122.5276,25.93,87,100,0.8,ID,1680566792
345,seddon,-37.8068,144.8916,24.28,74,20,9.26,AU,1680566792
346,springville,40.1652,-111.6107,2.62,88,100,6.69,US,1680566793
347,mitchell,43.7094,-98.0298,2.99,76,100,4.63,US,1680566794
348,skara,58.3866,13.4384,-0.7,88,100,0.89,SE,1680566794
349,sassandra,4.95,-6.0833,25.27,90,60,1.83,CI,1680566795
350,praia da vitoria,38.7333,-27.0667,13.75,82,79,4.07,PT,1680566796
351,diu,20.7141,70.9822,22.46,84,2,4.32,IN,1680566796
352,harper,4.375,-7.7169,26.13,87,70,1.66,LR,1680566797
353,kiruna,67.8557,20.2251,-5.49,80,23,3.6,SE,1680566798
354,pagegiai,55.1381,21.9089,-1.51,65,57,3.94,LT,1680566799
355,saint joseph,39.7686,-94.8466,18.21,52,0,5.14,US,1680566515
356,paris,48.8534,2.3488,6.88,67,0,4.63,FR,1680566800
357,lajkovac,44.3694,20.1653,-0.22,99,100,6.0,RS,1680566800
358,zhigansk,66.7697,123.3711,-10.82,97,100,3.53,RU,1680566801
359,itupiranga,-5.1347,-49.3267,22.15,95,99,0.65,BR,1680566801
360,malanje,-9.5402,16.341,17.68,98,96,0.8,AO,1680566802
361,pascagoula,30.3658,-88.5561,26.03,91,0,2.57,US,1680566803
362,congleton,53.1631,-2.2125,6.52,69,10,2.24,GB,1680566698
363,le port,-20.9373,55.2919,24.0,90,97,4.07,RE,1680566805
364,bubaque,11.2833,-15.8333,26.01,69,13,6.71,GW,1680566805
365,tigil,57.8,158.6667,-7.07,84,95,1.37,RU,1680566806
366,walvis bay,-22.9575,14.5053,17.0,77,0,2.6,NA,1680566807
367,nyuksenitsa,60.4128,44.2397,0.96,98,100,2.97,RU,1680566808
368,naze,28.3667,129.4833,17.86,60,74,9.88,JP,1680566619
369,srandakan,-7.9386,110.2506,24.85,85,100,1.32,ID,1680566808
370,cabedelo,-6.9811,-34.8339,26.48,78,30,4.35,BR,1680566568
371,vardo,70.3705,31.1107,-0.53,84,89,12.05,NO,1680566810
372,ucar,40.519,47.6542,11.1,70,84,1.75,AZ,1680566810
373,cabo san lucas,22.8909,-109.9124,29.61,53,100,6.69,MX,1680566811
374,cam ranh,11.9214,109.1591,25.98,83,20,0.0,VN,1680566812
375,zyryanka,65.75,150.85,-12.22,78,12,6.55,RU,1680566812
376,demirci,39.0461,28.6589,10.03,48,49,5.94,TR,1680566813
377,moen,69.1304,18.6123,2.4,87,75,2.06,NO,1680566813
378,tocopilla,-22.092,-70.1979,22.9,82,1,2.87,CL,1680566814
379,kropotkin,45.4375,40.5756,8.05,91,47,1.35,RU,1680566815
380,guatire,10.4762,-66.5427,21.75,97,38,1.41,VE,1680566816
381,santo antonio do ica,-3.1022,-67.9397,23.41,95,98,0.97,BR,1680566817
382,ternate,0.8,127.4,27.84,75,84,1.75,ID,1680566818
383,anadyr,64.75,177.4833,-22.72,84,20,3.0,RU,1680566819
384,aguada de pasajeros,22.385,-80.8508,25.86,61,2,2.08,CU,1680566819
385,nombre de jesus,15.35,-86.6833,24.96,70,5,1.53,HN,1680566821
386,taunton,51.0211,-3.1047,6.61,93,20,2.27,GB,1680566822
387,haines junction,60.7522,-137.5108,-1.47,57,6,2.11,CA,1680566823
388,pandan,14.0453,124.1694,25.79,72,98,5.73,PH,1680566824
389,santo angelo,-28.2992,-54.2631,20.23,26,52,1.65,BR,1680566825
390,kang,-23.6752,22.7876,19.75,38,12,3.74,BW,1680566826
391,iranshahr,27.2025,60.6848,17.19,39,0,2.06,IR,1680566827
392,yarim,14.298,44.3779,13.55,73,62,1.03,YE,1680566827
393,calvinia,-31.4707,19.776,14.05,60,22,1.16,ZA,1680566828
394,clyde river,70.4692,-68.5914,-24.7,89,6,2.78,CA,1680566548
395,natchez,31.5604,-91.4032,27.69,57,0,5.14,US,1680566830
396,destin,30.3935,-86.4958,24.87,91,100,5.36,US,1680566802
397,bathsheba,13.2167,-59.5167,26.34,73,75,7.72,BB,1680566831
398,terrace,54.5163,-128.6035,7.07,52,98,0.73,CA,1680566589
399,ouesso,1.6136,16.0517,21.37,98,99,2.01,CG,1680566833
400,constitucion,-35.3333,-72.4167,14.49,70,93,5.04,CL,1680566833
401,olavarria,-36.8927,-60.3225,19.59,60,98,2.31,AR,1680566834
402,kimparana,12.8347,-4.9244,29.12,9,3,3.56,ML,1680566834
403,dezful,32.3811,48.4058,16.06,49,0,0.8,IR,1680566835
404,atasu,48.6814,71.6433,0.95,43,11,6.35,KZ,1680566836
405,isilkul,54.9109,71.2728,-2.97,86,1,1.81,RU,1680566836
406,launceston,-41.45,147.1667,16.75,86,100,2.57,AU,1680566721
407,egvekinot,66.3167,-179.1667,-19.72,77,33,1.89,RU,1680566838
408,tuatapere,-46.1333,167.6833,17.18,55,76,1.14,NZ,1680566839
409,nchelenge,-9.3451,28.734,20.5,92,100,2.74,ZM,1680566840
410,mehamn,71.0357,27.8492,0.97,86,40,12.35,NO,1680566840
411,te anau,-45.4167,167.7167,16.31,56,22,0.49,NZ,1680566841
412,pierre,44.3683,-100.351,2.7,67,100,4.63,US,1680566842
413,erftstadt,50.8167,6.7667,3.62,60,9,1.54,DE,1680566842
414,sistranda,63.7256,8.834,3.98,82,99,6.66,NO,1680566843
415,jertih,5.7336,102.4897,23.66,89,99,1.85,MY,1680566711
416,okha,53.5739,142.9478,1.93,93,100,8.06,RU,1680566845
417,grand-santi,4.25,-54.3833,23.91,82,98,1.44,GF,1680566846
418,skibbereen,51.55,-9.2667,9.5,90,100,6.42,IE,1680566846
419,chuy,-33.6971,-53.4616,17.05,80,100,1.61,UY,1680566847
420,paramonga,-10.6667,-77.8333,25.27,81,77,3.69,PE,1680566847
421,ewo,-0.8725,14.8206,23.79,90,98,1.2,CG,1680566848
422,temir,49.1414,57.13,6.17,49,78,4.89,KZ,1680566849
423,oblivskaya,48.5362,42.5014,8.54,94,40,3.1,RU,1680566850
424,comodoro rivadavia,-45.8667,-67.5,17.92,32,0,2.06,AR,1680566850
425,pisco,-13.7,-76.2167,24.03,88,0,6.69,PE,1680566852
426,half moon bay,37.4636,-122.4286,14.03,58,0,12.86,US,1680566852
427,puerto colombia,10.9878,-74.9547,26.05,88,7,12.47,CO,1680566853
428,nouna,12.7333,-3.8667,28.9,8,8,4.21,BF,1680566854
429,aviles,43.5547,-5.9248,11.88,83,100,5.66,ES,1680566854
430,jinchang,38.4953,102.1739,1.46,69,80,4.05,CN,1680566855
431,basco,20.4487,121.9702,24.0,64,9,8.61,PH,1680566855
432,tateyama,34.9833,139.8667,13.03,55,0,3.72,JP,1680566856
433,minab,27.1467,57.0801,19.73,70,0,1.33,IR,1680566857
434,jodar,37.8406,-3.3526,13.05,29,93,1.34,ES,1680566859
435,ajaccio,42.0,8.9167,8.03,81,0,3.09,FR,1680566828
436,tynne,50.6015,26.1849,-1.8,89,94,2.86,UA,1680566860
437,leninskoye,41.7589,69.3864,9.22,85,97,1.86,KZ,1680566861
438,liverpool,53.4106,-2.9779,6.97,78,0,3.09,GB,1680566862
439,riyadh,24.6877,46.7219,15.08,21,3,1.27,SA,1680566782
440,kandrian,-6.2167,149.55,27.65,82,99,2.73,PG,1680566863
441,manaus,-3.1019,-60.025,24.4,91,74,0.98,BR,1680566594
442,neon karlovasion,37.7903,26.7044,15.87,84,85,11.19,GR,1680566864
443,brigantine,39.4101,-74.3646,12.11,83,0,5.14,US,1680566865
444,cap malheureux,-19.9842,57.6142,24.7,78,85,0.89,MU,1680566865
445,wawa,9.9022,4.4192,30.87,26,30,2.3,NG,1680566866
446,pilar,-9.5972,-35.9567,23.97,83,97,0.95,BR,1680566867
447,gushikawa,26.3544,127.8686,21.57,59,49,8.72,JP,1680566868
448,ishigaki,24.3448,124.1572,22.47,65,70,9.19,JP,1680566844
449,salvador,13.8333,-88.9167,26.22,43,22,3.08,SV,1680566870
450,kaeo,-35.1,173.7833,23.51,60,46,1.86,NZ,1680566870
451,yeppoon,-23.1333,150.7333,24.88,73,31,3.99,AU,1680566871
452,beisfjord,68.3751,17.5988,3.91,91,100,2.84,NO,1680566874
453,omsukchan,62.5333,155.8,-14.49,75,15,2.64,RU,1680566875
454,amuntai,-2.4177,115.2494,23.04,98,100,0.4,ID,1680566876
455,sao jose da coroa grande,-8.8978,-35.1478,25.94,78,85,2.64,BR,1680566876
456,ostersund,63.1792,14.6357,0.9,93,99,16.09,SE,1680566877
457,huai yot,7.7893,99.6348,23.79,88,96,0.53,TH,1680566877
458,ailigandi,9.2333,-78.0167,26.19,90,46,5.09,PA,1680566878
459,roma,43.2128,-75.4557,10.4,71,100,0.0,US,1680566831
460,kiama,-34.6833,150.8667,23.47,74,27,1.3,AU,1680566879
461,jonesboro,35.8423,-90.7043,21.9,88,75,5.47,US,1680566803
462,tura,25.5198,90.2201,19.21,75,60,1.6,IN,1680566881
463,gornyy,55.1153,83.9059,-4.87,85,100,4.01,RU,1680566882
464,nanlong,31.3533,106.0631,12.05,71,91,1.51,CN,1680566882
465,quesnel,52.9999,-122.5029,5.09,57,39,1.17,CA,1680566883
466,ahipara,-35.1667,173.1667,19.89,51,46,5.18,NZ,1680566885
467,poum,-20.2333,164.0167,27.88,78,63,6.68,NC,1680566885
468,rapid valley,44.0625,-103.1463,1.54,89,100,0.89,US,1680566886
469,hobyo,5.3505,48.5268,28.13,68,37,5.18,SO,1680566887
470,anchorage,61.2181,-149.9003,3.96,50,100,2.06,US,1680566669
471,general roca,-39.0333,-67.5833,19.82,31,0,1.77,AR,1680566888
472,ulladulla,-35.35,150.4667,20.98,56,36,1.67,AU,1680566218
473,ndola,-12.9587,28.6366,17.21,98,100,1.91,ZM,1680566802
474,champasak,14.75,106.0,25.5,69,8,2.04,LA,1680566891
475,rewari,28.1833,76.6167,21.02,56,57,1.96,IN,1680566606
476,machaneng,-23.1862,27.4886,21.5,51,7,1.24,BW,1680566892
477,diffa,13.3154,12.6113,26.57,8,25,3.32,NE,1680566893
478,taltal,-25.4,-70.4833,21.16,86,48,2.23,CL,1680566893
479,isla mujeres,21.2311,-86.731,27.03,78,33,4.85,MX,1680566894
480,ploemeur,47.7333,-3.4333,8.3,88,0,2.57,FR,1680566895
481,san patricio,28.017,-97.5169,28.99,71,93,7.5,US,1680566896
482,uspenka,48.3903,39.1619,8.35,90,90,4.28,UA,1680566896
483,tazovskiy,67.4667,78.7,-18.72,93,67,8.92,RU,1680566897
484,turkistan,43.0,68.0,11.86,41,100,2.01,KZ,1680566897
485,guiglo,6.5456,-7.4966,23.05,96,99,0.93,CI,1680566899
486,ambon,-3.6954,128.1814,24.08,94,40,0.51,ID,1680566900
487,angoche,-16.2325,39.9086,23.67,84,20,3.23,MZ,1680566900
488,nizhnevartovsk,60.9344,76.5531,-3.99,68,0,4.0,RU,1680566901
489,fare,-16.7,-151.0167,27.65,74,49,3.55,PF,1680566903
490,bereda,43.2686,-7.5406,6.75,100,100,1.34,ES,1680566904
491,camana,-16.6228,-72.7111,24.01,85,54,1.75,PE,1680566905
492,dryden,49.7833,-92.7503,-4.77,85,100,4.08,CA,1680566905
493,benemerito de las americas,16.5167,-90.6439,28.57,44,13,1.09,MX,1680566906
494,dongsheng,39.8161,109.9776,-0.33,99,100,5.71,CN,1680566907
495,deniliquin,-35.5333,144.9667,23.33,41,18,2.96,AU,1680566908
496,brufut,13.3814,-16.7518,21.85,85,3,3.79,GM,1680566908
497,port-gentil,-0.7193,8.7815,27.26,79,100,3.44,GA,1680566909
498,limoux,42.9167,2.1667,6.95,68,89,3.69,FR,1680566909
499,sao miguel,-5.4667,-35.3667,26.13,77,59,4.01,BR,1680566910
500,santa cruz de la palma,28.6835,-17.7642,20.08,73,0,9.77,ES,1680566911
501,bac lieu,9.285,105.7244,27.58,71,56,3.05,VN,1680566880
502,saint-augustin,51.226,-58.6502,-2.23,79,12,2.62,CA,1680566912
503,methoni,36.8197,21.7049,12.34,76,99,6.94,GR,1680566913
504,oyama,36.3,139.8,12.55,42,0,0.3,JP,1680566913
505,ambilobe,-13.2,49.05,22.38,97,43,1.51,MG,1680566914
506,puqi,29.7167,113.8833,13.07,94,100,3.37,CN,1680566914
507,marsa matruh,31.3525,27.2453,17.17,80,4,8.21,EG,1680566915
508,bandrele,-12.9067,45.1914,27.86,78,0,2.57,YT,1680566916
509,asau,46.4333,26.4,1.51,91,100,3.1,RO,1680566917
510,soe,-9.8607,124.284,22.35,78,99,1.46,ID,1680566829
511,carutapera,-1.195,-46.02,23.29,95,100,1.5,BR,1680566918
512,lewisporte,49.2499,-55.0482,-2.81,84,73,4.53,CA,1680566918
513,pak phanang,8.3511,100.202,25.53,79,70,2.38,TH,1680566919
514,pinega,64.7001,43.3936,-13.6,98,66,1.67,RU,1680566920
515,candelaria,13.9311,121.4233,24.1,80,73,3.27,PH,1680566920
516,puerto escondido,15.85,-97.0667,29.46,70,40,3.6,MX,1680566921
517,kahului,20.8947,-156.47,27.01,71,40,7.2,US,1680566921
518,ouadda,8.0777,22.4007,22.69,19,38,1.99,CF,1680566922
519,lundazi,-12.2929,33.1782,16.61,97,30,2.32,ZM,1680566923
520,callaway,30.153,-85.5699,24.03,93,73,3.13,US,1680566924
521,oum hadjer,13.2954,19.6966,29.65,16,76,4.04,TD,1680566924
522,brokopondo,4.75,-55.1667,26.53,69,57,5.07,SR,1680566925
523,chase,50.8165,-119.6857,8.42,56,99,1.14,CA,1680566925
524,polunochnoye,60.8697,60.4153,-2.48,96,100,3.14,RU,1680566926
525,togur,58.3631,82.8265,-0.03,99,100,2.13,RU,1680566927
526,peschanokopskoye,46.1961,41.0775,7.49,93,53,2.81,RU,1680566927
527,sao gabriel da cachoeira,-0.1303,-67.0892,23.64,94,84,0.79,BR,1680566928
528,gambela,8.25,34.5833,26.26,36,47,1.33,ET,1680566928
529,ouro fino,-22.2831,-46.3692,17.05,92,4,1.24,BR,1680566929
530,baghdad,33.3406,44.4009,17.4,48,0,2.48,IQ,1680566832
531,chippewa falls,44.9369,-91.3929,7.1,56,0,2.57,US,1680566931
532,port shepstone,-30.7414,30.455,19.66,71,79,6.06,ZA,1680566771
533,new bern,35.1085,-77.0441,18.89,72,100,0.0,US,1680566932
534,ola,59.5833,151.2833,-4.92,70,15,2.7,RU,1680566932
535,sorland,67.667,12.6934,2.92,87,94,4.22,NO,1680566933
536,isangel,-19.55,169.2667,29.72,67,34,2.98,VU,1680566934
537,caronport,50.4501,-105.8179,-7.32,94,100,3.14,CA,1680566935
538,kolokani,13.5728,-8.0339,26.96,8,0,3.85,ML,1680566936
539,sudbury,46.49,-80.99,0.63,97,57,1.81,CA,1680566936
540,banjar,-8.19,114.9675,24.69,90,100,1.8,ID,1680566937
541,rundu,-17.9333,19.7667,19.36,60,25,0.86,NA,1680566937
542,tigre,-34.426,-58.5796,20.14,83,0,1.03,AR,1680566938
543,renala khurd,30.8833,73.6,15.95,81,67,2.25,PK,1680566938
544,juterbog,51.9833,13.0833,1.02,81,17,4.47,DE,1680566939
545,gat,31.61,34.7642,17.12,28,0,4.21,IL,1680566712
546,mariental,-24.6333,17.9667,19.39,18,3,4.1,NA,1680566942
547,doka,13.5167,35.7667,26.98,15,14,3.97,SD,1680566943
548,mugan,35.9404,101.3842,1.94,70,53,1.32,CN,1680566944
549,tabou,4.423,-7.3528,25.85,89,61,1.59,CI,1680566946
550,dhidhdhoo,6.8833,73.1,27.81,68,89,2.31,MV,1680566947
551,aljezur,37.3191,-8.8033,13.9,92,100,5.85,PT,1680566948
552,dawlatabad,36.4141,64.9053,11.39,73,1,2.88,AF,1680566949
553,matagami,49.7502,-77.6328,-4.94,86,100,6.69,CA,1680566950
554,marawi,7.9986,124.2928,22.82,78,42,1.29,PH,1680566950
555,waqqas,32.5427,35.6053,19.38,30,1,2.49,JO,1680566951
556,kozhva,65.1073,57.0459,-18.84,95,5,1.24,RU,1680566952
557,sovetskiy,61.3614,63.5842,-4.63,94,99,3.63,RU,1680566953
558,collie,-33.3667,116.15,14.45,82,17,2.49,AU,1680566953
559,arua,3.0201,30.9111,17.63,82,100,2.67,UG,1680566954
560,andros town,24.7,-77.7667,25.81,70,6,4.5,BS,1680566955
561,foki,56.693,54.3499,3.14,86,86,1.74,RU,1680566956
562,motygino,58.1831,94.7592,-1.01,97,100,4.29,RU,1680566957
563,doha,25.2867,51.5333,20.99,52,0,5.14,QA,1680566723
564,sioux lookout,50.1001,-91.917,-6.1,83,100,3.78,CA,1680566959
